{
    "id": "gargoyle-74",
    "title": "Gargoyle 74",
    "description": "Actor sheet for the Gargoyle 74 system",
    "authors": [
        {
            "name": "bodiddley"
        }
    ],
    "version": "0.1",
    "compatibility": {
        "minimum": "10",
        "verified": "10"
    },
    "scripts": [
        "scripts/main.js"
    ],
    "styles": [
        "styles/gargoyle-74.css"
    ],
    "languages": [
        {
            "lang": "en",
            "name": "English",
            "path": "lang/en.json"
        }
    ],
    "url": "",
    "manifest": "",
    "download": "",
    "license": "",
    "changelog": "",
    "bugs": ""
}